area,perimeter,circularity,solidity,extent,eccentricity,hu1,hu2,hu3,hu4,hu5,hu6,hu7,mean_h,mean_s,mean_v,mean_b,mean_g,mean_r,glcm_contrast,glcm_homogeneity,glcm_energy,glcm_correlation,split
82316.5,2543.325024008751,0.1599164100516467,0.5254199964255624,0.424749742002064,0.8989708326222058,2.7123825327596984,5.613316232884545,8.94797231812128,9.847517673063434,-19.28736547053384,-12.662514572797868,-19.622195695623102,123.79541779944189,10.429608249398182,162.32962860941112,161.4709270991772,156.3648274788316,159.30851407835013,0.12116685704243915,0.9822362109429823,0.6361578340034798,0.9876918201732405,train
83800.0,2304.430581688881,0.19830178458083406,0.5352255707529244,0.4324045407636739,0.8866373551632912,2.7221276107754013,5.634155124137549,8.974292167211713,9.878866835661917,-19.330638634939124,-12.711175458981074,-19.78566398797202,114.3874783510256,9.494821918776582,161.67793395148274,160.83823650694535,156.57119125322527,158.63177303627603,0.10507708926642442,0.9828860596031888,0.632695170592514,0.9893499986198675,train
87203.5,2407.241763830185,0.18910558752767026,0.557775766511131,0.4499664602683179,0.8838956545428045,2.7377985878739373,5.671059978197141,9.168827866443626,9.937635387071278,-21.461784882884903,-12.863650152810996,-19.490891841910532,119.80991361253581,13.158611007325385,162.86288962105002,159.86579939540098,154.51466775358628,159.94809958900854,0.11244230580379062,0.9815559706057406,0.6205429640850236,0.9886095499706115,train
77760.0,2616.6214874982834,0.1427198264788348,0.5033938299297929,0.40123839009287926,0.8905496098089857,2.6820312896185374,5.548609616708225,8.834586052608335,9.72453921261758,-19.030272785652897,-12.512985471752147,-19.476523401199476,118.29618701482897,13.382716831081337,161.6458267377512,158.18073372421392,153.189762812314,158.77691947269113,0.13016017407753894,0.9822123559906346,0.6516447861488429,0.9859594172558083,train
79342.5,2491.1240141391754,0.16066639454409004,0.5129013177670684,0.40940402476780186,0.9056752064903083,2.693848891425376,5.573260147222002,8.914929457156545,9.787324248750394,-19.315939108382526,-12.575974550743425,-19.264976388951435,118.57280045717694,13.383245956220339,161.86790319775386,158.4949934156583,153.36879767436082,158.992881457003,0.12305855476361532,0.9808729004163087,0.6466411084002003,0.9868072746208091,train
76473.5,2279.3595138788223,0.18496739114983235,0.4991498457973663,0.3946001031991744,0.8803701188032778,2.6569875642176175,5.516594262784515,8.64832608633624,9.573434791670918,-18.696770962166383,-12.438870984565256,19.311205866626043,116.30958614374701,14.006306503823883,163.30111298830266,159.62565934561962,154.27935619494707,160.30456931350676,0.10880363040568129,0.981440250699646,0.6537018262755109,0.9884567369933369,train
80725.5,2327.50164937973,0.18725810012900354,0.5190816379022094,0.41654024767801856,0.8877250456366681,2.6849538647957023,5.575060909509459,8.684510673976705,9.561011213299981,-18.875073374429746,-12.712306507444334,18.799963774800247,117.12315891117548,13.868541674306039,163.9850023834843,160.29968342439466,154.95679170791928,161.15512204661852,0.11081937387906574,0.9806112911055617,0.6383074331192782,0.9886596035313455,train
82261.5,2479.4671590328217,0.16814724951847215,0.5286389049546945,0.4244659442724458,0.8800336275323936,2.69709368073333,5.598738301966975,8.703994569221598,9.54100178637901,-19.14945567330494,-13.08719274718083,18.6879967684184,116.61672741223863,13.714044216382122,164.27250383656244,160.7121858814502,155.3440437368118,161.3576515442164,0.12126505992960404,0.9809943618820127,0.6335586328569388,0.9877612535533986,train
79269.0,2336.0874359607697,0.18253033721804768,0.5157904668330248,0.4090247678018576,0.8973151612919643,2.671240814392831,5.547342007609699,8.677283620983262,9.586786180747875,-18.76944394482518,-12.53382261216155,19.059844809705385,114.0380657284006,9.857642388720897,162.7035253418947,161.61707793581465,157.310959296176,159.6359303642314,0.11316590602500556,0.9816446081247583,0.6445051168021427,0.9885259547459158,train
79588.5,2344.614347100258,0.18193545754846507,0.517362758800013,0.4106733746130031,0.8997950400821078,2.6729176678568725,5.551575847919349,8.680439896743176,9.589834089482427,-18.78060075426034,-12.546754431609632,19.047916342419672,113.37767724343084,9.744484382746654,162.5888696083292,161.50355726326228,157.35996529499258,159.49747149231533,0.10730474423316466,0.9820107816432961,0.6436928138563762,0.9891383190199575,train
80347.0,2537.425529241562,0.15681691997420852,0.5163357110725532,0.4145872033023736,0.9090497755846311,2.681840828561784,5.5696910762208995,8.716856887721118,9.633759750138589,-18.850281755292194,-12.579000551634836,19.190205512835515,113.79786816475726,9.88609768662758,162.69592522630816,161.62148271716998,157.36533130535045,159.52023894217797,0.12128056564863007,0.9818215323546706,0.6408895435864131,0.9877750851759338,train
79531.5,2370.756482362747,0.1778177636965854,0.5136847612311926,0.4103792569659443,0.8960666462769884,2.673016621106744,5.551717503180636,8.67568449601318,9.581075962211052,-18.776439139583562,-12.554517150580232,18.997482454994227,112.79502443138131,9.781977825731081,162.56389364288017,161.4418979586775,157.35148944613934,159.46739588759084,0.11291781452058901,0.9818879286387052,0.6437874287454733,0.9885631262678485,train
83880.5,2504.295586705208,0.16807367580399118,0.5454826269891333,0.43281991744066045,0.8909854710280007,2.711428273133746,5.630431292346183,8.880176437415345,9.833455220614537,-19.19820641280692,-12.681284128674445,-19.91282040219647,107.76384952786368,11.784357765260646,163.26249132750854,160.24288855701502,156.0919342889733,159.92992626912357,0.12332732056006657,0.9811559791841686,0.6281048503538113,0.987647643019801,train
82887.0,2364.513841509819,0.18629987514692944,0.5390218048682148,0.4276934984520124,0.882865791586464,2.7040011886579673,5.614841686620368,8.81358330791676,9.75177751845511,-19.049175762849334,-12.674545352488117,19.626230533160715,106.04445926155238,11.97160274804434,163.18969602438472,160.0597711550597,155.97125745651113,159.76753545191517,0.11398254056037668,0.9809381039527257,0.6315879322978405,0.9884917776476544,train
83552.5,2353.442773938179,0.1895666904755906,0.543908472479901,0.4311274509803922,0.8798567638546368,2.7112346144578456,5.630300113620713,8.815606108729169,9.742769931615356,-19.086943433821975,-12.762239130895656,19.315609942461027,106.62808335696059,11.95467110859087,163.3575512711464,160.24160051034875,156.09056327379264,159.97832199225027,0.11565198964217968,0.9811768522674729,0.6298873261249154,0.9883860491155333,train
81211.0,2608.538227200508,0.1499789508342587,0.523003902677778,0.4190454076367389,0.9127058564267946,2.68646548687187,5.580250146197441,8.71824105007817,9.622959717241365,-18.87698250582665,-12.636930341521072,19.041673382306286,102.38900280268378,8.166862814088642,161.90541245556352,161.1119981558098,158.17730918091263,158.3545455648439,0.12469182383435759,0.9820242994496265,0.6381130383273707,0.9875094238724649,train
80542.5,2302.045806288719,0.19098842521368248,0.5186987210036194,0.41559597523219816,0.8899387520584171,2.6792085331479663,5.564816928248077,8.684129801094082,9.575412599976557,-18.823900984119618,-12.627545197496177,18.89296511977292,102.23547861457223,8.313362982565762,161.79889979294543,160.96952990039327,158.0550961149704,158.25171218191397,0.10032717067144932,0.9831140731893794,0.6413565486325202,0.9898898906228194,train
2097.5,186.2670258283615,0.7596960586358408,0.9778554778554779,0.6854575163398693,0.8518333336555766,3.1274075383239763,6.790149390890271,11.937472979518176,13.047531934982668,26.293387946261845,17.559116048083062,-25.546885423821227,171.24323083983478,133.4593850390087,236.44424047728316,140.2859109683341,106.78751720972923,236.44424047728316,0.01199108938013304,0.999348666252074,0.9885481412228475,0.9693650693754303,train
2149.5,185.29646337032318,0.7867070695289008,0.9848797250859107,0.8080827067669173,0.8270391457181423,3.129165173868332,6.798704643939719,11.94799859248082,13.104726157780348,-26.442947796784484,-17.01168753338771,-25.63629379992977,172.48410210479176,132.97760859829825,235.0412001791312,139.11957008508733,106.07702642185401,235.0412001791312,0.010306134579303999,0.9994291884098515,0.9883019568135375,0.9743790732064359,train
2140.5,187.43859899044037,0.7656090126503764,0.9776204612925325,0.7050395256916996,0.8607702120264451,3.12074136854949,6.747598146959259,11.614892941657333,12.774730138092474,-25.682193835118092,-16.661709558799657,-24.97784932012061,170.8834907782276,133.68241115609536,236.13090418353576,140.05263157894737,106.51731893837157,236.13090418353576,0.011339849181039606,0.999369784901064,0.9883289061096525,0.9713815798175117,train
2265.5,192.06601464748383,0.7717433230271298,0.9758776653026061,0.6410582908885116,0.8274022428959833,3.1406185476396664,6.882755037602415,12.045085135815384,13.197601294275142,25.914207915273373,16.754006537317537,-26.04363901309431,172.4103110353643,131.13378781423094,232.1930123561994,139.14657008947592,105.33617383894334,232.1930123561994,0.016653142233960624,0.999048818855946,0.9875882212319531,0.9612815234130266,train
2505.5,195.78174424171448,0.8214098082780754,0.9758519961051607,0.7781055900621118,0.7708314699924225,3.159467965424677,7.056650962305736,13.136280221669104,14.535885635514665,28.381070433713568,18.07122997210906,28.86974082401435,172.1315079059005,124.03393752410335,227.526417277285,141.27034323177787,108.3891245661396,227.526417277285,0.0188239428976054,0.998937261872908,0.9862850501175923,0.9614323217737124,train
2155.0,185.53910398483276,0.7866584800022125,0.9771026978009522,0.7545518207282913,0.8207603532265242,3.13710245988759,6.858472991429957,14.14828615938723,15.034606807263312,29.578476368609998,18.72045024168194,-29.56777727336471,172.07640750670242,138.51161751563896,236.33869526362824,137.1970509383378,102.19436997319035,236.33869526362824,0.018131354114442545,0.9989987000688076,0.9881258924330255,0.9547576496504022,train
2100.0,185.33809316158295,0.7682450625452781,0.9787928221859706,0.6696428571428571,0.8443899601906134,3.133803625281845,6.833978148666858,12.827473680030362,13.982403716218853,27.407534065100368,17.44274399716129,27.898610643654617,172.1940366972477,141.4908256880734,238.15,137.94816513761467,100.90321100917431,238.15,0.017325056725088772,0.9990440244782683,0.9884403298572941,0.9552829600245833,train
2097.5,182.06601655483246,0.7951591354757972,0.983356774496015,0.6356060606060606,0.8315680787005862,3.1335217160166104,6.827260064415175,13.126656098855184,14.314919837985004,28.071202708637692,17.78287382739243,28.408336566785895,172.01701931922724,141.08923643054277,238.4052437902484,138.69549218031278,101.50367985280589,238.4052437902484,0.01587785628265892,0.999124944218585,0.9884972925396839,0.9588861170340658,train
2543.0,197.68123924732208,0.8177589656316957,0.9799614643545279,0.7371014492753624,0.7725936962896284,3.1637810480260926,7.0999831899214305,12.594340781119852,14.067195710032932,-27.50627699941048,-17.73238852276607,-27.59704976830187,172.12889733840305,121.69885931558936,224.8832699619772,138.00342205323193,108.18593155893537,224.8832699619772,0.018606862831240925,0.9989265271443515,0.9861004687699608,0.9622555640761861,train
2337.5,192.61017191410065,0.7917772987466455,0.9743643184660276,0.7472826086956522,0.797020192064571,3.1544227468480917,7.005798853274665,12.696590318039169,13.98830463588207,-27.335187979649383,-17.498172077210153,-28.130652946920666,172.20346677672308,129.69129178704085,230.31820057779612,137.27527858027238,105.27280231118448,230.31820057779612,0.018245062720633462,0.9989881524379166,0.9871695379061305,0.9596544012633387,train
2460.0,196.02438461780548,0.8044976370506778,0.9754163362410785,0.7382953181272509,0.7767125575989337,3.162193121026054,7.092336459605154,11.77930742206182,13.204888224499227,-25.707627240408733,-16.756258520521865,-26.35662759475014,172.58068315665489,125.67177071063996,225.0702787593247,134.83627797408715,104.5634079308991,225.0702787593247,0.01858618853920621,0.9988175895286302,0.9865330777244882,0.9599946891893055,train
71024.0,2470.940248131752,0.14618085735992536,0.46543205022346296,0.36648090815273476,0.8959422681537642,2.6566000061778845,5.474814779287006,9.067489167803382,9.510470141463012,18.890650853571813,-12.909275307254367,-19.031833880390316,111.86599880838564,8.595169805046348,162.8024829917834,162.37003782682794,158.70478447021657,158.80614097075002,0.11841717620182243,0.9808677318433,0.6710407934762066,0.9877336380973143,train
65067.5,2134.4722114801407,0.1794704594024856,0.5454427334378379,0.46946248196248197,0.8569701333506555,2.647310568802172,5.374583573028295,9.253950296822127,9.37737111168271,18.70013356483141,12.169480116408728,-19.439267514444275,113.01242884824997,13.921733074966696,160.5099309676638,160.27770376650116,154.74539784425335,153.39003269952767,0.1096771192441479,0.9802182012491247,0.6908624911849653,0.987514221742619,train
64229.0,1953.2346233129501,0.21155933652004494,0.5520065660841129,0.46141522988505745,0.8363349344113884,2.645659364309938,5.367209471740288,9.383984075377837,9.627912494052957,19.15733127854377,12.53163835743526,-19.628606326952657,112.54663657855147,13.839673329035032,160.47086365171472,160.21087777470757,154.83365570599614,153.48685947622118,0.09446600887960843,0.9814835871964112,0.6945908181677245,0.9892563295505509,train
65038.0,2086.5727165937424,0.18771976115178848,0.5318124207858048,0.45544817927170866,0.9107229147605613,2.669556380668465,5.421125138063363,9.719004390077517,10.01972728761251,19.93776893433518,13.12015853038054,-20.237697161250633,107.88932488940064,14.169141264165809,160.9303527058966,160.75365129386097,155.40794497303193,153.02818011029635,0.1029424686138404,0.9820931607454038,0.691782746743063,0.9883870860625552,train
64493.5,2127.9869306087494,0.17897315648792098,0.526348649310373,0.4478715277777778,0.8891845820984468,2.6640610437571945,5.408689340924202,9.693851680806524,10.390442245828533,-21.949061070730327,-13.333861435617852,-20.432790586993097,107.43591936469151,14.123320097739768,161.06394318875994,160.87953573610264,155.42391569945022,153.0947006719609,0.1079559844322581,0.9816861157418433,0.6936280937236636,0.9877846000784045,train
71770.0,2503.0823838710785,0.1439469683634461,0.4656912046199267,0.3703302373581011,0.8729478648369864,2.666278083030501,5.492552405339873,8.959332083670477,9.764995280607764,-19.319274390701526,-12.51344614692938,-19.242776293435004,104.40287394934938,13.416242749996572,161.9868231616185,161.51743428720297,156.76215875279374,154.72177811904402,0.12886803082536943,0.9801594783080954,0.6653218592972,0.9865556951040751,train
67255.0,2402.655977010727,0.14640343246236548,0.4379036878841546,0.34703302373581013,0.8735802881161254,2.6212553158581033,5.402529990135977,8.890457247970565,9.427322815095325,18.847181072742096,-12.458590816671759,-18.663866059912653,103.40525361258995,8.210890422980167,162.4549084420523,162.0205200959457,159.17287778622827,158.0254636400866,0.11128971402285542,0.9822845172214865,0.6854185543370745,0.9882882267425039,train
68089.5,2332.9574930667877,0.15720862064312383,0.44397895176119245,0.3513390092879257,0.8793562149142745,2.6273160858796643,5.414017627088362,8.922673372481565,9.45045064892737,18.885065326269025,-12.49888756828526,-18.72046346242517,103.31619347750664,8.284231525384527,162.24807736787326,161.79394587718284,158.981959060946,157.75361397016306,0.11004925650077273,0.9809963497947083,0.6818998777161805,0.9883636720053371,train
68292.0,2329.8864254951477,0.15809210914594496,0.4485252103323941,0.35238390092879257,0.8804413309237115,2.629685036365903,5.417664102176187,8.920844875009253,9.48176055990248,18.99680329963414,-12.473895056576364,-18.741456081980264,101.51209317074577,8.516431721871486,162.2331430712906,161.6930150768255,158.85992677794113,157.75956355040503,0.11158949125735876,0.9805244193207621,0.6809612490090033,0.9881981429478797,train
64819.0,2344.229571223259,0.14822174114789596,0.42329946188809364,0.33446336429308565,0.8795243179062876,2.60596320088487,5.3677267698912186,8.853059232907203,9.376754548748279,18.714744205507728,-12.417178347736636,-18.587880387819073,101.70984479541214,8.279019313337278,161.71045165597076,161.20825937220275,158.44199171635339,157.36701409433647,0.10920677910035817,0.981179038971438,0.6941812770554185,0.9880689588422463,train
71995.5,2390.0701909065247,0.15837765394477185,0.4707249617512063,0.3714938080495356,0.8752064962986374,2.6738408805222234,5.517939120854528,9.178179267056647,9.558388778500461,18.966119877484132,-13.25278898614448,-19.316467587385265,103.5421989987142,12.945982545892265,161.41528739091183,160.96957842037588,156.5046097447542,154.3983804338905,0.11785380174387652,0.9807863466975402,0.6647708255700798,0.9876474227066006,train
72046.0,2609.508788585663,0.1329542455804086,0.4665980169292843,0.3717543859649123,0.9211612350581874,2.6740632935636324,5.533316228885026,9.152321041690145,9.751434764186115,19.418819266335948,-12.781995181739847,-19.303873262200938,102.93252245611161,12.830685013787644,161.6531110929096,161.18718431757992,156.71643869276764,154.59574903759523,0.1351323413118872,0.9802973599326654,0.6642258477789186,0.9858459333908264,train
67549.0,2307.8864253759384,0.15936755972830371,0.4371438648490359,0.3485500515995872,0.8791388352198047,2.627336043343598,5.416159304779729,8.88215581991374,9.476149067956753,19.048101583163742,-12.413787678148159,-18.694154850468156,102.71950046630916,7.851378526463045,162.15890941944508,161.6852267428305,159.0682268594078,157.98847342037772,0.10573866661153522,0.9835094690245432,0.6850193094592036,0.9888701042106944,train
71515.5,2624.0357003211975,0.13051804640138623,0.4625945606789287,0.3690170278637771,0.9210410372172717,2.6696287366889164,5.520694941542063,9.218450626821346,9.592190765101094,19.03864051274907,-13.158039259884163,-19.379054306095565,101.73181530676787,12.814110496933697,161.3623600913016,160.8840167202926,156.59413414734757,154.3896543189506,0.1272967846307313,0.9809961510034385,0.6662427673402675,0.9866396075486588,train
2272.5,195.63960921764374,0.7461053988736901,0.986328125,0.8198051948051948,0.8791047632300443,3.0896902152852737,6.568702199417119,13.073656311649795,14.065463419050102,28.093187118218353,18.4369974855008,-27.660361859365256,107.72015241320915,149.5766299745978,187.20025402201523,187.20025402201523,122.10457239627435,76.96782387806944,0.008321402543971635,0.9993070510538311,0.9876605358342107,0.966120918770614,train
2308.5,199.78174424171448,0.7268221296669248,0.9829678518203109,0.7312321824516946,0.8923915276215327,3.0883016893485453,6.5612238503133185,13.635795485964083,14.467485427012795,28.578506072781344,17.871285489451598,-28.75800299473914,107.70642201834862,148.77856547122602,186.74770642201835,186.74770642201835,122.27814845704754,77.33611342785655,0.010130403097008946,0.999130070694619,0.987447699854265,0.9602592692090645,train
2325.5,200.89444291591644,0.7240863502907959,0.9824672581326573,0.6126185458377239,0.889565275068935,3.0898296881326135,6.568545202810124,13.37889025939542,14.220710145732207,28.133000290975517,17.76350984385076,-28.201721740178243,107.3152218996267,149.07382828701785,187.11240149315637,187.11240149315637,123.511820821236,77.2090418913314,0.013024803981868647,0.9988805853125947,0.9873226241256917,0.9492691397361039,train
2320.0,197.9655101299286,0.7439072343864355,0.9855564995751912,0.5985552115583075,0.8777900944187463,3.0980595758290286,6.610755884414405,12.530716993496581,13.28626264197737,26.19946777345268,16.60448546100447,-27.02515824172832,108.84935497295048,149.0474406991261,185.63628797336662,185.63628797336662,118.0220557636288,76.72326258843113,0.017418091039244975,0.9986983942833991,0.9872839853585242,0.9294280042413791,train
2303.0,196.71067690849304,0.747907582548031,0.984398375721308,0.7769905533063428,0.8811762567106175,3.097258543579593,6.607190079159151,13.134026481490206,14.018246139052263,27.638885955914578,17.400645736644794,27.94841995508506,108.69774247491638,150.2203177257525,183.8294314381271,183.8294314381271,116.49581939799332,75.29389632107024,0.020570920574538576,0.9984664726947212,0.987294638859463,0.915461026854254,train
2305.5,198.75230705738068,0.733416427870991,0.981272611193871,0.6579623287671232,0.8829247771799126,3.0996728538367497,6.619022817703328,13.40956899647704,14.213055419259767,28.024605245414545,17.52763478137979,-28.822097017093814,109.08403010033445,146.81814381270902,184.45192307692307,184.45192307692307,117.59364548494983,77.96655518394648,0.01913405727812608,0.998388092805213,0.98730925701314,0.9216660192605488,train
2299.5,196.20815086364746,0.750601085667654,0.9852185089974294,0.5917395779722079,0.8763840019051503,3.099208856732192,6.6164200697897435,13.344531092124575,14.494355005628519,-28.58276117452674,-17.911876709120953,-28.519289814069342,109.43007139857203,144.8517429651407,184.64972700545988,184.64972700545988,117.78916421671566,79.48845023099538,0.017314719579071408,0.9985095378998712,0.9873976784862203,0.9293135798899925,train
2266.0,195.13708221912384,0.7478080840220387,0.9832935560859188,0.6058823529411764,0.877572776959078,3.1012840800994725,6.626961947488559,13.348925158642572,14.142828274153443,27.89027856144165,17.469376146306576,-28.69000266576861,109.66013628620102,146.3313458262351,185.95996592844975,185.95996592844975,117.5804940374787,79.01703577512777,0.01403784429156954,0.9988834104873433,0.987635305193669,0.9420242165104352,train
2214.0,194.02438497543335,0.7390517498759264,0.9831261101243339,0.7053201656578528,0.883172699995303,3.099730023255194,6.6195244746994035,13.065705668422247,13.885123157975485,27.360364579213375,17.19764977925823,28.555496902346082,109.08217391304348,149.65869565217392,183.40260869565216,183.40260869565216,115.64869565217391,75.61434782608696,0.009985683052765962,0.9992677652215236,0.9879474122127025,0.9572156038051153,train
2211.0,191.39696860313416,0.7584526910025422,0.9863930403747491,0.829954954954955,0.871481832593846,3.0994506769548416,6.6191757640024225,13.13959720512985,14.314058444130065,-28.172012188011635,-17.721254380152402,-28.19819255408311,108.88864723792953,152.65854719443237,182.6750761200522,182.6750761200522,114.24227925184863,73.20574162679426,0.007980276725398885,0.9993527543360642,0.987988309927803,0.9654725032430919,train
2283.5,195.72286927700043,0.7490791901209651,0.9842672413793103,0.6128556092324208,0.8796236006697911,3.102534617327566,6.634130690559678,13.30983190182317,14.250733320824098,28.138973101142795,17.763955761931687,-28.2182439545162,108.72823330515638,150.7024513947591,179.51225697379544,179.51225697379544,113.80853761622993,73.3229078613694,0.014420318694211717,0.998797191205652,0.9875433134539982,0.940011158467471,train
2289.5,195.72286915779114,0.7510474306420348,0.9849429984942999,0.6121657754010695,0.8778935925452233,3.101742150003918,6.629510963170786,13.291829873500864,14.232141429535819,28.212179117577154,17.986083104309724,-28.08387997760146,108.8397976391231,150.3570826306914,181.4974704890388,181.4974704890388,114.66231028667791,74.32546374367622,0.017872925464008642,0.9986015057573342,0.9874405484782648,0.925796545040885,train
2286.5,197.43859839439392,0.7370839441160283,0.9809094809094809,0.7089922480620156,0.8796427817744211,3.1008981980077253,6.6257877002948105,13.010481082908676,13.819264743947487,27.248426856834204,17.16179013775304,-27.81823022491131,108.61710193765796,147.53032855939344,177.25442291491154,177.25442291491154,113.71272114574558,74.4932603201348,0.01935113734449056,0.9984385109486162,0.9873865538246964,0.9174352058288122,train
2282.5,194.20815062522888,0.760476406796968,0.9848975188781014,0.5944010416666666,0.8692929908846446,3.10570842791594,6.65057634659612,13.045053314073709,14.216074300290218,-28.042804629806348,-17.667318914040298,27.9523199105854,109.32881929750317,144.49047820567077,174.1163774862463,174.1163774862463,111.15911976301312,75.45619974608549,0.01526796466763491,0.9986237890892921,0.9875136215761992,0.931192171734205,train
67282.5,2057.2173787355423,0.19977981893851834,0.5973975813755261,0.5780283505154639,0.48253063404961455,2.677347171408824,5.427103207927234,9.646678617966133,10.360803923760045,21.953718660231008,-13.56789182575227,-20.36468925718319,104.8241035185158,36.1979659725377,165.9749117073814,165.97344626972844,154.51409018303318,142.44628438283092,0.0861652806276715,0.9869254865071361,0.7100838543380061,0.9891329615819792,train
69157.0,2206.798112988472,0.17845174606682315,0.6124153199025902,0.5941323024054983,0.7983703500008488,2.6991660268940603,5.476883188971557,9.749721140654781,10.217286799112134,20.332048254215877,13.369999012389426,-20.372438791341562,107.28533359933878,35.565765098184514,164.94943996351924,162.26690797161342,151.4903383019352,144.69655427936272,0.10316471725321358,0.985994860380355,0.7030767433346284,0.9869578776379132,train
64861.0,1811.2102382183075,0.24845959632550332,0.6136271180026679,0.5750088652482269,0.8016227299006009,2.6620631724869903,5.390665360318816,9.572044188384389,10.142639488177199,20.237585896402365,13.614356080419672,-20.08850656775098,101.97597200030434,46.42252149433158,165.34718100890208,162.88370995967435,152.5297572852469,137.86712318344365,0.060803092874088395,0.9891032448652156,0.7230693348798474,0.991802680650296,train
70436.0,2046.2884466648102,0.21138338311161056,0.6237414212973212,0.6051202749140894,0.6861793710321948,2.7032745348678624,5.48399517079511,9.846446145197659,10.705744400835563,-20.984562207944613,-13.450289741746532,-21.934089976082294,105.63655338581795,33.92878155380607,163.74164401983583,160.9392177737932,151.79671083966045,144.7157005575323,0.0928534141009009,0.9861936773758484,0.699643099409031,0.9883714226325901,train
72377.0,2252.9402478933334,0.1791888963692577,0.6443218894245107,0.6250172711571675,0.7706030599152733,2.719283461654645,5.5214685572359326,9.950246774435662,10.740050331449762,-21.364742295154763,-13.65779853278046,21.15533038110198,106.14687734114281,33.4889055370156,164.14375808758427,161.76785398079411,152.23112442961246,144.97101409793638,0.1066586726070799,0.9843543319201926,0.6902767899877456,0.9869772963156023,train
67989.5,2021.7615350484848,0.20902192934339534,0.5973685366603699,0.5781420068027211,0.36826583351657177,2.6839311825043937,5.441819147430332,9.625227870729853,10.233889456997074,20.52094622384943,14.262300654402827,-20.209945217033585,106.09132188243487,30.65497881970638,163.98401323042998,163.97031857482736,153.7655950792085,144.32987581964835,0.08289874248618699,0.987187095817883,0.7079323871085176,0.9896067762216232,train
68455.5,2058.388951897621,0.2030314548026979,0.6062032322337835,0.5881056701030928,0.5685358762254424,2.6869453819200517,5.448518746768617,9.637273793125912,10.222118461582715,20.44380355950321,13.911207104660743,-20.217383262957114,105.99838646939334,30.520738190252548,164.00363044386498,163.98287064382754,153.87287683863252,144.4334346592137,0.08631516924492316,0.9868736955346125,0.7051513435040492,0.9892711270058702,train
67361.0,2110.7737278938293,0.18999187545579035,0.5934340875954207,0.5757350427350427,0.9733369102242209,2.6780004329180453,5.428486073572795,9.627350088991124,10.297626104123408,20.91260936032448,-13.810310275198658,-20.271148677413635,105.97483246027333,30.524889526206433,163.84248339235023,163.8248075853794,153.73590178806592,144.2867489976881,0.08702843232012075,0.9873056806569802,0.7100300681003434,0.9890279721976908,train
67643.0,1980.406196475029,0.21673256533289884,0.6022668589846324,0.593359649122807,0.0836164259274365,2.678249730668288,5.429632029576715,9.577770350683997,10.157953283264701,20.301521695985123,13.759787530930453,-20.097427305670646,107.2843080064168,32.68856642846726,165.34655096981186,165.34493218608722,153.48331631909,144.21010646055126,0.07761129229830936,0.9875246083127913,0.7093800947576178,0.9902355959691492,train
67597.5,1999.0752433538437,0.21256033053534534,0.6002690654637162,0.5867838541666667,0.48259208421980915,2.6793915693994523,5.431393113511356,9.593650402493122,10.161174707067406,20.285207665839128,13.662988509637168,-20.122712478003162,107.19199731492697,32.28080902418025,165.10468866286283,165.10252893020268,153.51842339515812,144.26752958687817,0.0806659189464381,0.9871072518891428,0.7093001271496424,0.9898489517319319,train
70716.5,2277.467159152031,0.17132722294590233,0.6262808307133685,0.6106778929188256,0.9696165372618349,2.7119200864125066,5.512427807884025,9.9955002350223,10.465074568405846,20.90982236237967,13.812288648791593,-20.796541137284116,107.21484908447367,35.57625205540537,165.11563222875617,162.72093865834285,151.64279144951368,144.55345447451296,0.10371775456514211,0.9850450707751879,0.6963675938561716,0.9871008790900965,train
70098.5,2229.4427748918533,0.17722538564235815,0.6175072785493113,0.5991324786324786,0.9421340142805704,2.7028149825377077,5.490075279743171,9.952547327211906,10.762790440529466,-21.120677561428558,-13.507828688921018,-22.619480783503835,107.1823651802283,35.35822133498285,165.1804532418602,162.4030956531519,151.6778102682337,145.03399313951527,0.10261684851429369,0.9855902476464459,0.7002264509236583,0.9871508727454441,train
741.0,109.11269772052765,0.7821273719151935,0.9567462879276953,0.7916666666666666,0.6695093059424556,3.173350266984687,7.450534272032165,10.904313766776479,14.497443075139856,27.20630098832633,-18.907459401782493,27.89835265195693,120.6919191919192,201.57449494949495,232.5328282828283,54.9229797979798,49.765151515151516,232.5328282828283,0.0054166645130945806,0.9993605095342982,0.9957744682700261,0.9182416396828132,train
742.5,112.46803569793701,0.7376461870809053,0.9428571428571428,0.5733590733590733,0.6816804902112544,3.170113313359521,7.444126890564562,10.861918952460025,13.479091943317366,-25.859323981037715,17.268208229045715,25.753591837615957,126.2253164556962,201.89240506329114,236.49620253164557,57.243037974683546,50.40379746835443,236.49620253164557,0.008321402543971635,0.9989289921560941,0.9957378114214165,0.8798732702638926,train
869.0,123.59797894954681,0.7148367997329517,0.9229952203929899,0.6968724939855654,0.7038129916387929,3.1669955539694414,7.39669035717541,10.845889785851664,12.14379351269181,23.713315452548077,15.979873771525961,-23.906679466805613,113.95896328293736,188.69438444924407,223.65550755939526,58.9341252699784,55.47840172786177,223.65550755939526,0.01015107738904366,0.9987777657905343,0.994994398048447,0.8713967908814166,train
771.5,111.2964631319046,0.7826778944940951,0.9583850931677018,0.5971362229102167,0.7147984851019883,3.172821046457945,7.427274933633046,10.931196895752713,14.268001850555693,26.90355365155063,-18.176227340381963,-27.273104970480937,133.07334963325184,204.2273838630807,227.8484107579462,52.29095354523228,45.65892420537897,227.8484107579462,0.00899331703509978,0.9988750846412299,0.9955783421902531,0.8551419562957374,train
812.5,120.81118214130402,0.6995503300148811,0.9264538198403649,0.5862193362193362,0.7256509110900018,3.166134418365654,7.40486735532011,10.794299370576903,12.4287564615601,24.092274644396486,16.539560730343624,-24.37617422035395,148.36878612716762,196.17803468208092,223.23468208092484,56.921387283236996,50.50867052023121,223.23468208092484,0.010554226083720544,0.9988058672278014,0.9953148014059223,0.8483532725195155,train
764.5,112.12488985061646,0.7641582302074331,0.9532418952618454,0.574812030075188,0.685732092071766,3.171922326853573,7.429335284472936,10.98343161585759,13.796425717058854,26.27971150701803,-19.607675975584677,-26.414399909791662,141.8027127003699,202.09124537607892,228.88162762022193,54.902589395807645,46.97410604192355,228.85203452527745,0.009809951570470907,0.9988303729766234,0.9956141848427683,0.8496286242995533,train
744.0,113.5979790687561,0.7245053370790363,0.9247980111870727,0.6933830382106244,0.6346077091376806,3.172662026040583,7.541441879314151,10.88170156785843,12.969185246098839,-24.9918044539259,16.76211489830958,-25.11599246958796,144.78517587939697,195.7248743718593,224.96231155778895,60.48869346733668,52.052763819095475,224.91834170854273,0.006667459181194664,0.9992364591046484,0.9957382761780349,0.9018950882488016,train
749.5,112.46803593635559,0.7446004240715443,0.9345386533665836,0.5787644787644788,0.6813426854734307,3.1722412622610516,7.52818303758115,10.839542780329882,13.083081626313811,-25.298521260189542,16.917930882566306,25.125045798782136,137.43914680050187,193.45169385194478,224.83312421580928,60.533249686323714,53.904642409033876,224.82057716436637,0.009334442853672527,0.998894912316328,0.9957019196474056,0.8657903430125724,train
762.5,112.18376553058624,0.7613593497311585,0.9483830845771144,0.7106244175209693,0.7010947151414931,3.175929533507814,7.513544916620463,11.05253116574073,13.540647115467786,26.813523964481853,17.582514812637942,-25.83963868190247,158.46683046683046,199.1805896805897,224.7960687960688,55.189189189189186,47.87592137592138,224.7960687960688,0.006409030530760763,0.9992744352532976,0.99564594088953,0.8989198847159049,train
771.0,112.71067667007446,0.7626655470229572,0.9518518518518518,0.5796992481203007,0.6818125083527496,3.1707026036192327,7.417121594281734,10.946852163076114,13.240545629373749,25.377516883675106,18.588345001088406,25.705724377896367,148.31540342298288,197.82273838630806,226.39364303178485,54.63080684596577,50.34107579462103,226.39364303178485,0.00923107139349897,0.9989509480671374,0.995593744060398,0.8612821337149519,train
769.0,111.11269772052765,0.7827243052386597,0.9582554517133957,0.7911522633744856,0.7296587686314269,3.171113520683952,7.387605179193112,11.022343203437133,13.699563558376495,26.062399185923173,-17.79466394736603,-27.086282179844744,150.78319123020705,202.14738124238733,226.44336175395858,52.828258221680876,45.63824604141291,226.44336175395858,0.005489024535216072,0.9994297403479646,0.9956204631148237,0.9096830232684474,train
954.5,145.23758959770203,0.5686273327319872,0.8591359135913591,0.5159459459459459,0.8598240670165296,3.1081967562456776,6.885326379727322,10.24121555605026,10.618330706631559,21.061669961099764,14.06945546779785,-21.657000857624674,124.13524185587364,185.02467917077985,214.52813425468904,60.16880552813426,60.39782823297137,214.52813425468904,0.011040071946536278,0.9989169570987625,0.9945099066616548,0.872725526158542,train
952.5,146.18376517295837,0.5601141718823187,0.8395769061260467,0.6082375478927203,0.8578219683222708,3.1066059937625603,6.8915055019905616,10.177595564353076,10.553933277364193,20.933753194240197,14.007183870929403,-21.52114160249495,123.50538687561215,181.71106758080313,215.34965719882467,65.50636630754163,64.36141038197846,215.34965719882467,0.007504768008600506,0.9993320332696134,0.9945773174731127,0.9194800345211989,train
783.0,111.53910374641418,0.7908922595714702,0.9625076828518746,0.5878378378378378,0.6621612896962017,3.17528801025342,7.476833921676836,11.026317094560538,14.07057251927212,-26.64352093477624,17.814993469258745,-27.10277177701143,131.3848009650181,203.2098914354644,224.22798552472858,51.56936067551266,45.01326899879373,224.22798552472858,0.008941631305013001,0.9990067593007479,0.9955272880255749,0.8535665354510369,train
797.0,113.11269783973694,0.7827903510808626,0.9737324373854612,0.8284823284823285,0.5614182123110065,3.170011713613262,7.344895740232189,11.066364749512896,14.604994404160546,-27.455519204191827,-18.41984360375366,-28.00935159326747,148.1164705882353,196.56941176470588,215.1458823529412,54.783529411764704,47.927058823529414,215.1458823529412,0.009954671614713893,0.9988335629918199,0.9954083718466104,0.8402731193692474,train
823.5,113.78174555301666,0.7993339946143073,0.9625949736995909,0.5857041251778093,0.7094007923045516,3.1699230236415716,7.31708412240582,11.12371723962136,14.097806369242289,-26.70941698515468,-17.95700372048654,27.85937164314696,153.87241379310345,196.13793103448276,216.66551724137932,54.95287356321839,48.851724137931036,216.66551724137932,0.009117362787308052,0.9989729460751553,0.9953157097615688,0.8581932770595306,train
69128.0,2340.5138422250748,0.15857744937998544,0.4523077325725951,0.35669762641898867,0.8636918255860849,2.6746532940328014,5.455029807250234,9.40117879239076,9.98844438657539,20.8829768189372,-12.918258853516585,-19.684123296636592,112.66407941209981,12.316580266605902,162.36739489575027,162.2964993733622,156.59569044092515,155.03413751851429,0.10108695090372499,0.9857160521167095,0.6838532935616699,0.9887248316598765,train
68100.0,2072.4894565343857,0.19923806549379616,0.5233228310151387,0.44509803921568625,0.8789088405597297,2.6795995284973113,5.440542329006191,9.57659816088763,10.310344012117444,-20.725092336703813,-13.191558524717355,-20.28013304568522,113.8525034025425,12.7982799061767,162.44345987895636,162.4020067761272,156.41154837401905,154.8803752931978,0.0906154219881433,0.9860019139623433,0.6881937430583683,0.9897910766792518,train
68632.5,2003.477264046669,0.21486755705602673,0.5727871342491362,0.5129484304932735,0.8839900021268379,2.6942401978190413,5.466910229769728,9.509319081387945,9.741393652021397,19.38723341824196,12.601461617608278,-19.889587356364856,110.27366681040678,18.074112404772173,161.4226821905994,157.37369555843037,152.2569354606871,154.31539456662355,0.08502302599275366,0.9856825990541231,0.6865886805789452,0.9899253100879416,train
62584.5,1924.447826385498,0.2123559177483992,0.5617292261295708,0.5039009661835748,0.8127055857467229,2.6531195681364443,5.371115163988964,9.665754047017096,10.473229098146568,-20.750638602233057,-13.25878134913233,-20.647878251377143,105.53139571518588,20.0341052299937,160.02722117202268,155.84032766225582,150.97266855702583,151.48114366729678,0.08031962455485667,0.9872564318739865,0.7125678319045041,0.9896007500227211,train
61567.5,1895.1929936408997,0.21540436453030137,0.5555881423994946,0.5054802955665024,0.8732539167287078,2.6410891340285434,5.344963691179237,9.553102913792745,10.22615028923798,20.85522137565351,-13.527902208635265,-20.12310810532225,109.51128012168762,14.421327355696102,161.3451925386278,161.30332239212234,155.5016411816508,152.298134656953,0.07473239713247569,0.9866080285432456,0.7185335742435214,0.9906639240203474,train
65165.5,2026.9331080913544,0.19931902899220513,0.5489701360515564,0.4827074074074074,0.8302146488700801,2.658944317506882,5.389000131914944,9.555540713999012,10.30769798216263,-20.809905499307952,-13.219093681966775,-20.255601296125572,109.62416239355024,14.284824008107577,161.8036786616448,161.76084161485986,155.97726550800925,152.82996778145846,0.08742641244178895,0.9864036711181333,0.7033550894801501,0.9895641141515599,train
64986.0,2041.3178840875626,0.19597848195894718,0.5636717682723208,0.5157619047619048,0.8126658876979422,2.659731196088517,5.3897936114228235,9.571236972405519,10.315992567333936,-20.931482051718387,-13.260469092079644,-20.269677491399527,109.02984712448435,14.592074132492113,161.81624605678235,161.76258796408638,156.0127396263043,152.63417556418344,0.08806214692185635,0.9865032655441851,0.7041114303615742,0.9894650045476195,train
65056.0,1964.3473212718964,0.21186570525534945,0.5822660186701751,0.5341215106732348,0.9844713943730836,2.6604278251495184,5.3898094106347285,9.572989173436047,10.164271478267853,20.35320798120532,-14.734913184649654,-20.089308151965728,109.9425193269668,14.412960436562074,161.86904653630438,161.82957404881006,155.9054267091102,152.83099893891162,0.08289357391317831,0.9873580680033127,0.7041237267004901,0.990101905126128,train
64044.5,2082.8153578042984,0.18551975445287958,0.634606619104241,0.5930046296296296,0.7962184245185631,2.6587446341795133,5.383630531744515,9.498417429142245,9.786323750251729,19.453896518789353,12.646010767958895,-19.90883168230517,109.10095680531627,18.904842480925424,160.4242708589712,156.13333743539258,151.1208774304701,153.0331343834605,0.09162846229784419,0.9872558892907565,0.7055953323942592,0.9885127082896854,train
70036.5,1943.9036705493927,0.23290822141151182,0.6550272863736479,0.5836375,0.8783782163705894,2.7125923774181566,5.500030500861898,10.021236676458548,10.736549063837618,22.459334279539604,-13.86406594562226,-21.115888016350045,110.47348388733823,18.080041726578138,161.35559220727959,157.7221799317714,152.33436240096987,153.8901998928642,0.083653354145454,0.9874676815093506,0.681863310031443,0.9902262017681261,train
64150.5,1941.217379450798,0.21392501348310194,0.6299764313070805,0.5939861111111111,0.9349771634402367,2.668416044113787,5.401193106318447,9.825314608582103,10.700354185454984,-20.965332217601755,-13.401037606923767,-21.96706119902655,108.6628695291242,18.87575519992621,160.35848360466724,156.2471982659226,151.07937093575612,152.66649756337532,0.08148772205481788,0.9875552689427207,0.7060472662943599,0.9897115249826576,train
72087.0,2125.6854157447815,0.2004789737083489,0.6590600529354489,0.5889460784313726,0.8356794507941893,2.723682658759828,5.5314150469726195,9.803981692145104,10.199520583783007,20.26153092029066,13.137562945437468,20.509070492754233,110.03381781354355,18.26327530519516,161.84940055838396,158.09139431762193,152.63023484972902,154.162341928067,0.09929862464272238,0.9855383982059018,0.6726061383422021,0.9886424861701745,train
60316.5,1865.1929935216904,0.21787050794895604,0.5787087674860399,0.5263219895287958,0.9716511060848002,2.6291664296196835,5.3188312014186145,9.435733225917462,9.850919909185937,19.571459346926392,12.858899494449506,-19.75624245633937,111.89436009740312,13.390952622203336,160.933059863701,160.89267678831163,155.07741587540244,152.8306394940267,0.07468587997539758,0.9880625842626494,0.7236972247488249,0.9905529732046239,train
65522.5,2114.1290661096573,0.18422023382717886,0.6268566043692687,0.5717495636998254,0.7469638633238562,2.6682943677320377,5.404113868582746,9.662380590229702,10.318519859971781,20.81957951417415,-13.800155170146276,-20.330701376154554,112.61132330827067,13.310751879699248,161.92795488721805,161.89948872180452,155.83745864661654,153.83685714285716,0.08747809817187574,0.9879284001556933,0.7005695311337248,0.9897384936220525,train
72602.0,2263.851937174797,0.1780173821004336,0.6597572778037776,0.6335253054101222,0.9742221519825657,2.7412612580620777,5.579310665360547,10.332170230943996,10.412493439613627,20.813038556026893,13.297923278628216,-21.24192955765616,110.56153073141584,18.351231701023927,162.25910535321438,158.71421005459138,152.99936174257857,154.38447540671936,0.11159982840337611,0.9852267870440574,0.6707601078759208,0.9873136127161798,train
3003.5,219.37972283363342,0.7842319530633868,0.9831423895253683,0.6508125677139762,0.8341179073188503,3.133350651969045,6.827189097179164,11.57981137900555,12.850663099541178,-25.523749953548215,-16.52025373235458,-25.094003013715714,12.565708750403616,132.08040038747174,196.63287051985793,91.3228931223765,115.31126896997094,196.63222473361319,0.02016777187986169,0.998173351459667,0.9836787095695393,0.9589128169631935,train
2969.0,223.13708305358887,0.7493359325888014,0.9818121693121693,0.6705058717253839,0.8587565209715468,3.1158797478116216,6.711972461141187,11.466062451763008,12.560734953126392,25.09429477412358,17.497685221217314,-24.594881343408755,12.942903752039152,130.88613376835235,200.08548123980424,93.55823817292007,116.55203915171289,200.084176182708,0.01495785028711423,0.9988327023425587,0.983934427771129,0.9703256026770081,train
2956.0,221.82337486743927,0.7549178195259172,0.981570645857546,0.7038095238095238,0.8585063559227591,3.118503017908005,6.727067306550837,11.530498645175744,12.573746185625515,24.915201695047145,16.55552234436785,-24.692377850641833,13.21880117916803,136.08516213560432,201.0848345889289,90.43399934490665,115.11169341631182,201.0848345889289,0.013479638406632313,0.9989291278019016,0.9840237485554191,0.972642190493854,train
2929.5,218.7523069381714,0.7693041635405764,0.9822296730930428,0.7290940766550522,0.8453880072227796,3.1291123016274742,6.797906140714836,11.458272867892354,12.573729390320313,24.957976402385544,16.685232709152388,24.633735308425244,17.28783873099802,132.45769993390616,203.8654990085922,94.10211500330469,115.8070059484468,203.8654990085922,0.02314486993286024,0.9981423680862648,0.9839905388223961,0.9543525763413218,train
2853.5,222.40916097164154,0.7249071734477688,0.9792381606039808,0.6993872549019607,0.8759935337232744,3.0989195659963054,6.617219248434145,11.343061296449624,12.286773456152796,24.275229287120986,15.9474069448311,24.2313897502694,23.325991189427313,134.4825482887157,206.47814300237206,94.83056590986106,115.89427312775331,206.46289393425957,0.013231546902215768,0.9989740031769652,0.9845526752481258,0.9735988798255942,train
2938.5,218.89444303512573,0.7706657990412903,0.9790104947526237,0.6598922075005614,0.8319258819275508,3.1313138038431965,6.811782728283345,11.680290564464482,12.837121533734699,25.39509036537775,16.882982413077947,25.15887933673583,19.494559841740852,129.18925156610618,204.47279920870426,97.37784371909001,117.57204088361358,204.45169798879,0.017325056725088765,0.9985036677106169,0.9840597280260263,0.9671407886669794,train
2784.0,217.8233745098114,0.7373439672221289,0.9795918367346939,0.6692307692307692,0.8748078467116855,3.1049851020186208,6.649662125883705,11.397125031657893,12.460248675507223,24.91448321183245,17.16991631486995,-24.40915118381294,23.79124696075026,132.30357763112193,207.5293504689128,96.64466828759986,120.17436609934005,207.52865578325807,0.014099867167673679,0.9989439740016569,0.9849188236817447,0.9720845320255896,train
2714.5,215.3797242641449,0.7353431933451277,0.9828023171614771,0.6184780132148553,0.8833817454808116,3.0963321650165465,6.601747227045493,11.770073540180661,12.525429192792565,24.676127095026352,15.83321992174967,25.608205093928426,22.947968638631504,136.26728439059158,206.6831789023521,93.55345687811831,117.395937277263,206.68282252316465,0.02090170924709397,0.9985083919266703,0.9851590894549023,0.956322851773215,train
2763.5,215.78174471855164,0.7458301443736236,0.9817051509769095,0.7833049886621315,0.8714626152820298,3.1006890894166887,6.627683703764891,11.36471674901287,12.14219389530246,23.89705835256218,15.461505766043226,24.990197375312675,33.04439007340091,130.3163229639986,203.06256553652568,96.64348130024467,116.13561691716183,203.06081789584061,0.024033864490352854,0.9981092424445926,0.9848250956601425,0.9505896440259015,train
2814.0,216.50966680049896,0.7543612540435641,0.9811715481171548,0.7178571428571429,0.8628126816972735,3.114869130923895,6.703880193759826,12.451032655320518,13.606699128332927,-27.401170362841864,-17.398121822965916,-26.641828032811638,19.347766323024054,136.43161512027493,205.4127147766323,93.66357388316152,114.43024054982818,205.37285223367698,0.0226590240700445,0.998174020333821,0.9846083852967862,0.9532552411747287,train
2734.0,212.79393792152405,0.7587345680620381,0.98274622573688,0.6224954462659381,0.8632430542044885,3.1138458509441356,6.696300581819017,12.56843319762726,13.762061073413722,-27.319010634726688,-17.363438053283918,-26.965797478193867,18.578611898016998,145.68626062322946,208.3626062322946,87.0842776203966,111.92811614730878,208.3622521246459,0.02021945760994847,0.9982791879315832,0.9850858909736437,0.9560125127008299,train
2736.0,213.13708293437958,0.7568467004313095,0.9834651329978433,0.6460448642266824,0.8629499174493885,3.1142894787681525,6.6982637858111005,12.273977909071519,13.13388576167998,25.864509054461422,16.540642084275156,-26.30588689544068,17.06685532366466,144.14750619030775,207.76759816059428,87.78952953661125,112.28581535196321,207.7644145737531,0.015753810530450645,0.9985984513879453,0.9851571762426219,0.9658284108202776,train
2844.5,213.09545266628265,0.7871680124495694,0.9818778046254746,0.7803840877914952,0.8303232408863115,3.1332003546622023,6.824082857078983,11.735253669341095,13.024489257712759,-25.688326101038992,-16.619053633318696,-25.472809146798404,31.465124191902007,129.50153113303844,201.77067029601906,96.2861517522967,115.20517182715209,201.77067029601906,0.013324581216371971,0.9988524692109159,0.9846172099126592,0.9729593161258343,train
2118.0,185.53910410404205,0.7731520457093669,0.9764868603042877,0.7564285714285715,0.8463067512633606,3.1213170039956166,6.748211992913101,11.848326895922407,13.053751790346638,-25.66153108499412,-16.544468766853715,-25.64921647671878,172.34529759200365,134.6374375283962,236.01135847342118,138.88732394366198,105.3789186733303,236.01135847342118,0.01023377455718251,0.9994225698299355,0.9884630067771643,0.9738521713352847,valid
2603.0,202.9949473142624,0.7938045352209938,0.9716312056737588,0.691735317565772,0.7932890640375668,3.155317834984808,7.020950172429028,12.307684720166588,13.658286766380161,26.731445155685343,17.232951859642824,-26.87486092000322,172.51319212188778,117.52508361204013,224.4726867335563,142.0115198810851,111.83389074693423,224.4726867335563,0.019113382986091373,0.9989118165904037,0.9857762669131098,0.9624681963527808,valid
2252.0,187.88224947452545,0.801690519250638,0.9772184855717075,0.7960410038882998,0.8038869779548169,3.1449154520101748,6.919004230029323,13.814441291981122,14.805911029143951,29.25925240261743,18.400483534211034,-29.143367385939285,172.3966623876765,134.3846812152332,233.27899015832264,138.23534445870774,103.56568249893026,233.27899015832264,0.01850349137106736,0.9989782128744383,0.9876107430062204,0.9563216564784901,valid
2280.5,190.7523068189621,0.7875902718806888,0.9751977763523626,0.6703409758965314,0.7981421002335064,3.153850262479313,7.0011454295044,11.979546282804638,13.379384800416245,-26.40838080171803,-17.185063616248648,-26.10721060105424,172.84468895471858,130.0994498518832,231.65129073212017,138.36140499365214,106.1070672873466,231.65129073212017,0.014451330132263782,0.9992151720677592,0.9875529096007776,0.9668342897879139,valid
2241.5,188.61017215251923,0.7918052633202644,0.9754134029590948,0.7554769127064375,0.7991642278066343,3.148763103911048,6.95317788646212,12.295612959008544,13.476025036565252,-27.575436093195293,-17.821453774584104,-26.362551372835746,172.29462365591397,130.26021505376343,231.9410752688172,138.95870967741936,105.98494623655914,231.9410752688172,0.011836032189872699,0.9993300734215675,0.9877994135591743,0.9724550698309906,valid
2434.0,197.48022878170013,0.7843017689819809,0.9792798229732448,0.6469962785752259,0.8122812234665149,3.1456168981759096,6.923477724198979,12.046849734333346,13.3649331352004,-26.65548839670808,-17.30525090085458,-26.085982559837078,171.3232724384432,123.88959491660047,226.65806195393168,136.6878474980143,107.3471008737093,226.65806195393168,0.01535066183577376,0.9991001771651181,0.9867412198877337,0.9669235475939483,valid
70486.5,2365.584909439087,0.15828462371717533,0.46329415940371493,0.3637074303405573,0.9002418538578819,2.65325401540129,5.467397778208249,9.05158794317305,9.496513035291262,18.86364740178334,-12.87253004067894,-18.999385343910028,111.4138099628419,8.477719107087978,162.90109798005196,162.43657977816892,158.88263068197693,159.00033526108456,0.11434950924399281,0.9805160700874402,0.6730134398241755,0.9881776405428699,valid
71255.0,2527.224518418312,0.1401966240181131,0.4631474265434727,0.36767285861713106,0.8800994935256091,2.6649001872099785,5.49201936418877,8.970609660571974,9.714382758795331,-19.69480035829596,-12.503691794136143,-19.068700659275986,104.77086957722365,13.361458592218264,161.8263192776075,161.41439538287355,156.64863446828488,154.4717642835446,0.1286871307700657,0.9805929625505079,0.667268537773844,0.9864955422026332,valid
68431.0,2429.484404563904,0.14569160221123414,0.4421406972837464,0.35310113519091846,0.8902178356977294,2.6301556039184213,5.422352765593604,8.925248152682844,9.452348120109548,18.882545472037915,-12.511781732229506,-18.727786386709735,101.93568235074251,8.519946521757882,162.48961343281437,161.98746424001956,159.08010235620534,157.97747300930118,0.1136259090227779,0.9817127935302188,0.6808005515315306,0.9881024015671526,valid
2312.5,197.2964632511139,0.7465398672302935,0.9796653251429782,0.780195681511471,0.87523430587633,3.102654123376702,6.634987885854001,13.182487055273313,14.028162023939949,27.642467720467753,17.36304609154695,-28.2803722749459,109.64363030807661,147.16569525395505,185.02206494587844,185.02206494587844,116.37302248126561,77.97044129891756,0.020043726127653417,0.9984526508546843,0.9872452635833284,0.9191275117011367,valid
2250.0,195.19595801830292,0.7420800247115757,0.9833916083916084,0.7239382239382239,0.8811068966636509,3.101235706124257,6.627635872903671,13.165665608082481,13.998686949909127,27.596941741665727,17.338932458901482,-28.127026514676682,108.65511339323919,151.94779632006848,180.73256311510482,180.73256311510482,114.2400513478819,73.02011125374412,0.010998723362466857,0.9991184519295933,0.9877599381731417,0.9540207775119628,valid
2268.0,196.5096664428711,0.7380487980351343,0.9833080424886191,0.6702127659574468,0.8813804032364942,3.1020764723330068,6.631868628072892,14.473217488081483,15.523598540115994,-29.938740366208894,-18.980595910011512,-29.899753223755226,109.69158878504673,143.5072217502124,174.63508920985558,174.63508920985558,111.32965165675446,76.43500424808836,0.01966125172501124,0.9982831731118577,0.9874968140029491,0.9114013985896157,valid
63457.0,1942.8914781808853,0.21124785786171899,0.5820781889229302,0.5595855379188712,0.7345271553275149,2.643715334957203,5.353313472469851,9.468475561855593,10.096083517536043,20.271461630702635,-15.751591409755505,-19.917157957514753,105.304424833758,34.43445093530545,162.2075383754894,159.55604064383817,150.41798210179604,142.9965974768504,0.07571442600412451,0.9888646275188345,0.7272521462870508,0.9896586374664078,valid
68430.0,2024.288446545601,0.20985127450284935,0.6060498709166028,0.5940104166666667,0.5690107938050216,2.686133702552465,5.4468105422546715,9.633547190265286,10.209239958363355,20.39761734066758,13.78519476274086,-20.205750988477593,106.24503740864074,40.29148466894434,168.58495869913074,168.58491545214721,154.37227003416513,141.9649987746688,0.08537448895734376,0.9865056042650036,0.7061786718516712,0.9893370136070182,valid
70437.0,1961.8620401620865,0.22997137732215142,0.6204645754604794,0.602025641025641,0.2484139044621896,2.709365386859449,5.49845712995773,9.878185234628203,10.549870761894837,21.57474035951165,-14.002708019121885,-20.769150610699278,106.99670642317557,35.73302406413365,164.868845566285,162.41101035724796,151.43927905705596,144.30557385320458,0.08289874248618698,0.9862029246779647,0.6985453752156718,0.9896247247235945,valid
743.0,113.05382239818573,0.7305133829046355,0.9357682619647355,0.5750773993808049,0.6428347492597712,3.1729652327317535,7.496528701334838,10.916233457947431,13.13598121698945,25.86951836181082,17.086931275058298,25.170599779811745,113.2945638432364,196.00126422250315,231.24905183312262,57.43489254108723,54.23261694058154,231.24905183312262,0.008321402543971637,0.9989683668597928,0.9957377534718655,0.8819424868498839,valid
780.5,112.46803617477417,0.7753977698783995,0.9623921085080148,0.6041021671826625,0.7089781484006245,3.1718634348374914,7.376543640489559,11.04897026699473,14.376215508536509,-27.185954916998078,-18.13171839782364,27.308176378774334,144.44927536231884,204.4830917874396,226.67149758454107,51.632850241545896,44.59661835748792,226.67149758454107,0.009417140021811377,0.9988539005080566,0.995526861214617,0.8481591903973124,valid
795.0,115.39696836471558,0.750219233003568,0.9561034275405893,0.6177156177156177,0.7089252613239595,3.171303911044726,7.383683379496658,11.075597995540171,14.210829810687622,26.978455579893954,19.680222403667443,-27.03323148598945,146.5940828402367,195.29940828402366,215.00118343195265,56.471005917159765,49.349112426035504,215.00118343195265,0.010554226083720544,0.9988144041908754,0.9954342079118356,0.8344102567066133,valid
65560.0,1962.6904670000076,0.2138676920600809,0.5932199555718428,0.5409240924092409,0.9006783961192001,2.682330222466246,5.43790864992761,9.783451795033875,10.140011917526746,20.167731821444406,13.158192430839573,-20.3925474219013,106.43176279447603,19.530011733911003,160.61234467611396,156.61457111050936,151.6324878900021,152.16838162289017,0.08514190317195325,0.9860139607132788,0.7016887609240394,0.9893228545441708,valid
71784.5,2186.7564828395844,0.18864256734464577,0.6124278023768694,0.5538927469135803,0.9726954201302426,2.732668971754871,5.568701958814165,10.314232318644574,10.285955279324426,20.61231940081339,13.164971056286628,-21.057696285898686,107.86560890171029,19.0440826979875,162.27202417748472,158.70664193969367,153.18223779105708,153.66639192252214,0.11008543651183343,0.9846132493632773,0.6752903013913224,0.9872979594848553,valid
66579.5,1966.104681134224,0.21643979750884282,0.5954593424677137,0.5334895833333333,0.32092710714091016,2.6635845967679637,5.398676833266228,9.579715732864297,10.407204266321969,-20.58765237494999,-13.177301913821392,-20.519960387578838,112.81534928513223,13.276405659678495,161.87547225720425,161.83440254833693,155.87516112304615,153.87345729313282,0.08127064198845341,0.9879078311060955,0.6967578091118293,0.9905652008859318,valid
73200.0,2304.3717057704926,0.17322711673954233,0.49068897558621244,0.37770897832817335,0.8722444855982276,2.6948119089404794,5.505556080074167,9.555488086156513,9.663939632963599,19.321882691173712,12.756871527764766,-19.624044081542536,108.70797878069797,18.34757378285222,161.9658148427402,157.97717847910383,152.92750969409738,154.40938711762172,0.10893801330390691,0.9851194654844215,0.6690249305720367,0.9876253186857122,valid
2857.0,218.30865561962128,0.7533177386048356,0.9764183185235816,0.6540750915750916,0.8553929670934588,3.120039293310723,6.738916051907302,11.363094387524253,12.530704653784108,25.592920618748522,-16.636851677107888,24.478883329866214,30.11995933581837,133.1701118264995,203.44052863436124,93.91867163673331,114.2649949169773,203.44052863436124,0.022514304025801516,0.9981161603807737,0.9843879822697158,0.9542039798929013,valid
2921.5,222.06601572036743,0.7444774600587618,0.982842724978974,0.6768999073215941,0.8648324944281927,3.1132939113176903,6.696427724713185,11.485362120880106,12.677584855025346,-25.30711368220504,-16.33621161112021,24.777195850247445,26.331013916500993,131.88502319416833,206.2544731610338,96.63055003313453,116.6441351888668,206.23459244532802,0.014554701592437345,0.9988323234697861,0.9841972904964089,0.9721472310435642,valid
80805.5,2372.12906563282,0.18045717569658892,0.526029528558595,0.416953044375645,0.8940609214992419,2.6858837458718376,5.576205791642102,8.717601721414086,9.622223216975197,-18.868102652831936,-12.622009333210503,19.057077714040485,115.71382703389003,13.705171403457369,163.83529885731028,160.23378747924602,154.96376599277272,161.03738158023245,0.11595176687668302,0.9806095019841355,0.6377950627178126,0.9881154870271825,test
80670.0,2375.401144862175,0.17965859460961747,0.520213321639765,0.41625386996904024,0.891524567037347,2.6847308524614757,5.574365927345753,8.69359452809413,9.583487139338958,-18.86567437295848,-12.673514448848218,18.879635946481745,115.57482269503546,13.739973098557105,163.8263145023233,160.19820249449742,154.92306187331866,160.9825874296894,0.11519198664440734,0.980571930434188,0.6385259724733077,0.988181461799766,test
83678.5,2554.0113159418106,0.16120485462288425,0.5345707641790282,0.43177760577915375,0.8905091190627429,2.712484674819659,5.637390726524151,8.801650063124942,9.707644602565615,-19.131590453970894,-12.882267908966936,19.095519644009574,105.2011170551222,12.013468291188461,163.40568661183514,160.32173072844247,156.19726392194755,159.94750547922607,0.12488306103567867,0.9807359332315788,0.6292400212898507,0.9874674353068161,test
2222.0,189.1370837688446,0.7805496647993025,0.9777777777777777,0.6199776785714286,0.8317227426016243,3.1342021672160105,6.833282387358761,12.301479574711944,13.591052245825136,-26.789389369258203,-17.289746283148453,-26.618608790105938,172.18600608431117,130.19078661451542,233.88917861799217,141.5458496305954,107.75793133420252,233.88917861799217,0.014761444512784466,0.9991828977204651,0.987861549571068,0.9649640107950367,test
2279.5,189.78174448013306,0.7953175973200652,0.9731056563500534,0.7461538461538462,0.7848808715919879,3.161946947597528,7.086868009690125,12.295604153744568,13.682642208907307,-26.8663154320104,-17.407187730801194,-26.78520224979528,172.15313028764805,130.77115059221657,230.9572758037225,138.9369712351946,104.76226734348562,230.9572758037225,0.012849072499573592,0.9993006523136719,0.9875780863728155,0.9707077632753883,test
2176.0,186.3675309419632,0.7872782472256507,0.9773186615764653,0.7508626639061422,0.8277235789342913,3.1373325727804406,6.854241504506331,12.145026200379673,13.359207591799382,-26.919261236775593,-17.278126164767855,-26.11658218842588,172.34882691456397,133.70385126162017,233.70296591412128,137.6157591854803,104.0863213811421,233.70296591412128,0.011246814866883403,0.9993861325595848,0.9881507747452791,0.9727244080095785,test
68260.5,2462.8397426605225,0.1414187593219156,0.4421575263715301,0.35222136222910216,0.8854552884106011,2.62531480499356,5.414690392676136,8.886065113893435,9.445708753542231,18.889884199883564,-12.460294618564095,-18.68220749358041,102.35305898965447,8.043716319414425,162.31261346935247,161.8313737356272,159.17660874326387,158.00868851041756,0.11999875954247793,0.9812100504094903,0.6811253558275994,0.987427846829799,test
67399.5,2354.413336992264,0.15279217752304813,0.44344839610631,0.34777863777089785,0.8820025605325377,2.6471080083229896,5.453237021069568,9.006452882275719,9.60741088763437,19.216032715644392,-12.573801073738538,-18.97659260338153,100.96203991648781,13.581387879053334,160.78002131604688,160.28503642708014,155.64907362796197,153.44711138364505,0.12034505393405934,0.9803059874737646,0.6815925849876705,0.9867465448244815,test
72399.0,2463.2833935022354,0.14993867669695682,0.4691014057038076,0.37357585139318883,0.8915161829327778,2.677421983693393,5.530149109185036,9.141662288430313,9.71205847881493,19.327453250580547,-12.799548079624468,-19.257089776231453,102.22000734264309,12.882816855445114,161.55087499830032,161.09946561875364,156.6281223229947,154.51656853813415,0.1280307219979636,0.9803682091411382,0.663215941537182,0.9866215427131917,test
2262.5,197.78174459934235,0.7268186205492775,0.981774788457366,0.7260911424903723,0.8914292952468055,3.089650621667145,6.568858961864264,12.786279141612928,13.699470863740977,27.10801553579452,17.297318281431437,-27.077689780812204,107.57975329646959,149.62016163334752,194.8753721820502,194.8753721820502,128.06082518077415,80.23947256486602,0.01071962041999824,0.9989457561069203,0.9876776737714276,0.9596661899967613,test
2296.5,195.29646337032318,0.7566369679908348,0.98330122029544,0.7851282051282051,0.875892020903639,3.1043070292446404,6.643932770529945,13.041673858237612,13.817862878068269,27.24734220501642,17.14070922413101,28.55992048718864,109.35639412997904,148.2553459119497,180.57023060796647,180.57023060796647,113.32997903563941,75.37861635220126,0.018865291481674824,0.9984685073818332,0.9873319949973944,0.9203986703247016,test
2331.5,198.2670260667801,0.7453226150243845,0.9796218487394958,0.7001501501501501,0.8726294896140426,3.1098196947184573,6.674388814259884,12.383805188540824,13.62031696821004,-26.63194564144971,-16.963850831744008,-27.300160781570685,109.46465481603968,142.05787515502274,173.99421248449772,173.99421248449772,111.99379909053327,76.98057048367095,0.011815357897837987,0.9988695980021899,0.987300511853138,0.9480083262207812,test
69152.0,2028.2051861286163,0.211247136874338,0.6108240365335524,0.5940893470790378,0.761216889158892,2.6936392528993296,5.462802016750683,9.652202077381684,10.217441615688127,20.394750776030598,13.662695572690225,-20.238372058773678,105.75784593437946,37.77756062767475,167.09480741797432,167.09469329529244,154.25934379457917,142.36042796005705,0.08636168640200127,0.9864364833712158,0.7038971420684442,0.9892723541062769,test
69523.5,2052.531087398529,0.2073776765412592,0.6174186415164715,0.5972809278350516,0.5104578523669465,2.6964823643684612,5.47004335808689,9.651592434939273,10.110060786933817,20.101429900587164,13.215878750985196,-20.190431472319023,107.21244111470571,35.847550939326865,165.16397071343437,162.4256058800159,151.5030648731483,144.744097281344,0.09122531360316731,0.9863248585652737,0.7008132521952827,0.9885631548791235,test
68432.0,2037.3178840875626,0.20718175225993507,0.6092755326442124,0.600280701754386,0.7685063013714405,2.6883359086329848,5.450612548711927,9.645042049798816,10.217118729308186,20.404240282876632,13.734753030674893,-20.228005339898385,106.26759873162294,30.576232343614876,164.01462957624676,163.99554626693572,153.74194292303258,144.41176131449987,0.0875297839019625,0.9867862858440246,0.7060324782099494,0.9890794485467794,test
68565.5,1999.0752433538437,0.21560420641771105,0.6087784565117023,0.5921027633851468,0.7921972315675168,2.6878425634862184,5.450400957824061,9.645943122466644,10.253271275868789,20.55517127411258,14.291529368254606,-20.250637168542948,106.31454061443269,30.482581480682065,164.04073674365063,164.0235556514857,153.76834304626232,144.4932009497086,0.08238188518531919,0.987018240174794,0.7054961509389743,0.9897430868659548,test
69159.0,2072.631592273712,0.20230859860694575,0.6156742825857625,0.5972279792746114,0.5975541954571018,2.692515467235224,5.460468007063441,9.672629170077705,10.281807692478004,20.61666849168998,14.494849246748425,-20.305488786487004,107.22692982331047,32.57377750524079,165.41894956005876,165.41652524849192,153.62177887426378,144.34664803274248,0.08666146363650462,0.9860613759391514,0.7027309145573962,0.9892784786860436,test
753.0,112.22539579868317,0.7513158461279124,0.9543726235741445,0.5985691573926868,0.709825499632488,3.1714258571178875,7.417595688535561,10.977463027988081,14.045496295997763,-27.195791854498356,17.923528790122766,-26.568548921497566,138.39825218476904,203.29338327091136,225.67415730337078,50.66167290886392,45.68913857677903,225.67415730337078,0.009303431415620459,0.9989719918770612,0.9956716793056913,0.8430292886925791,test
59943.5,1920.4478266239166,0.20424288433702442,0.5836984887434759,0.5314140070921985,0.9444795521629734,2.6254458030348395,5.31086342103045,9.415034418713603,9.829567580190007,19.528207764823943,12.826121524756779,-19.715924493627348,112.07212715945889,13.24197445633414,160.97951904268783,160.95024409487647,155.09311767509902,152.91896378848398,0.0803764788579521,0.9877220548178854,0.7247155274797271,0.9898054468755769,test
2719.0,213.19595789909363,0.7517287129111951,0.9810571892476998,0.7629068462401796,0.8654634835448504,3.112037108052999,6.686367918906509,12.24328743259047,13.196956417934437,26.073758855255264,16.840209660106545,-26.06149936707909,13.803197158081705,142.48632326820604,211.89946714031973,90.9214920071048,120.43410301953818,211.89946714031973,0.021594298030256826,0.9986788799968904,0.9851090932632174,0.9555276217005614,test
2965.5,219.8650040626526,0.7708956163168733,0.9840716774514684,0.6276190476190476,0.8459038953265501,3.1240586716005487,6.764750153490553,11.346302646743743,12.513280339349649,25.429856427065758,-16.756614393434578,24.445390576759255,24.414323086984957,130.04741661216482,203.45814257684762,96.21550032701111,115.88031393067364,203.45291039895358,0.017821239733921863,0.9985466346894928,0.9839204244326877,0.9655795076064962,test
2681.5,215.37972331047058,0.7264036803893631,0.9815153733528551,0.6138965201465202,0.8870852567241667,3.0923456138047634,6.579727325924996,12.243139614714662,12.937347794387245,25.52800205917672,16.22871713342746,-26.881549377167264,22.121168409664623,138.61305445366028,208.81464118283446,92.89542012261089,117.19184998196899,208.81464118283446,0.01504054745525308,0.9988812728965154,0.9854413658752695,0.9679412884051904,test
2740.5,210.26702535152435,0.778928023736482,0.981554441260745,0.747545008183306,0.8473850570885297,3.12405194609229,6.761433691182849,11.863450393640894,12.770975231091162,25.091865349979876,16.165137891823864,-25.97528135473821,19.570924488355683,137.62314749470713,206.94177840508115,91.99717713479181,114.3348623853211,206.94177840508115,0.01383110137122242,0.9987230303685004,0.9851624153251514,0.971250108638827,test
2649.5,208.9533177614212,0.762562150367146,0.9822057460611677,0.7885416666666667,0.8670834713077546,3.1105148495982315,6.6782593349797255,13.242669378397837,14.1179063938934,27.798546822827262,17.458388311542507,-28.700616896839314,15.46793002915452,140.51603498542275,206.05867346938774,89.88265306122449,112.45444606413994,206.05867346938774,0.012270192322601653,0.9988562579386416,0.98565268011878,0.9727823608488232,test
